title,price,review,rate,link
تي شيرت جاك اند جونز للرجال بياقة دائرية,23.0,7,4.6,https://www.amazon.sa/%D8%AC%D8%A7%D9%83-%D8%A7%D9%86%D8%AF-%D8%AC%D9%88%D9%86%D8%B2-%D9%84%D9%84%D8%B1%D8%AC%D8%A7%D9%84-%D8%AF%D8%A7%D8%A6%D8%B1%D9%8A%D8%A9/dp/B08QGYGJ5Y/ref=sr_1_5?keywords=t-shirt&qid=1646399394&sr=8-5
تي شيرت نسائي من اندر ارمور بشعار كبير واكمام قصيرة وقبة دائرية,64.0,21,4.1,https://www.amazon.sa/%D9%86%D8%B3%D8%A7%D8%A6%D9%8A-%D8%A7%D9%86%D8%AF%D8%B1-%D8%A7%D8%B1%D9%85%D9%88%D8%B1-%D9%88%D8%A7%D9%83%D9%85%D8%A7%D9%85-%D8%AF%D8%A7%D8%A6%D8%B1%D9%8A%D8%A9/dp/B0874WC171/ref=sr_1_24?keywords=t-shirt&qid=1646399394&sr=8-24
تي شيرت نسائي ضيق بثلاثة خطوط من أديداس,93.0,36,4.2,https://www.amazon.sa/%D8%B4%D9%8A%D8%B1%D8%AA-%D8%A7%D8%B3%D9%8A%D9%86%D8%B4%D9%8A%D8%A7%D9%84%D8%B2-%D9%84%D9%84%D9%86%D8%B3%D8%A7%D8%A1-%D8%A8%D8%AA%D8%B5%D9%85%D9%8A%D9%85-%D8%A7%D8%AF%D9%8A%D8%AF%D8%A7%D8%B3/dp/B08R6CFWWQ/ref=sr_1_37?keywords=t-shirt&qid=1646399394&sr=8-37
رابيد دومينانس,82.59,2,5.0,https://www.amazon.sa/%D8%B1%D8%A7%D8%A8%D9%8A%D8%AA-%D8%AF%D9%88%D9%85%D9%8A%D9%86%D8%A7%D9%86%D8%B3-S25-VV-BLK-01-%D8%B1%D8%A7%D8%A8%D9%8A%D8%AF/dp/B00JGDZMY6/ref=sr_1_41?keywords=t-shirt&qid=1646399394&sr=8-41
تي شيرت جاك اند جونز للرجال بياقة دائرية,23.0,7,4.6,https://www.amazon.sa/%D8%AC%D8%A7%D9%83-%D8%A7%D9%86%D8%AF-%D8%AC%D9%88%D9%86%D8%B2-%D9%84%D9%84%D8%B1%D8%AC%D8%A7%D9%84-%D8%AF%D8%A7%D8%A6%D8%B1%D9%8A%D8%A9/dp/B08QGYGJ5Y/ref=sr_1_5?keywords=t-shirt&qid=1646399397&sr=8-5
تي شيرت نسائي من اندر ارمور بشعار كبير واكمام قصيرة وقبة دائرية,64.0,21,4.1,https://www.amazon.sa/%D9%86%D8%B3%D8%A7%D8%A6%D9%8A-%D8%A7%D9%86%D8%AF%D8%B1-%D8%A7%D8%B1%D9%85%D9%88%D8%B1-%D9%88%D8%A7%D9%83%D9%85%D8%A7%D9%85-%D8%AF%D8%A7%D8%A6%D8%B1%D9%8A%D8%A9/dp/B0874WC171/ref=sr_1_26?keywords=t-shirt&qid=1646399397&sr=8-26
تي شيرت نسائي ضيق بثلاثة خطوط من أديداس,93.0,36,4.2,https://www.amazon.sa/%D8%B4%D9%8A%D8%B1%D8%AA-%D8%A7%D8%B3%D9%8A%D9%86%D8%B4%D9%8A%D8%A7%D9%84%D8%B2-%D9%84%D9%84%D9%86%D8%B3%D8%A7%D8%A1-%D8%A8%D8%AA%D8%B5%D9%85%D9%8A%D9%85-%D8%A7%D8%AF%D9%8A%D8%AF%D8%A7%D8%B3/dp/B08R6CFWWQ/ref=sr_1_40?keywords=t-shirt&qid=1646399397&sr=8-40
رابيد دومينانس,82.59,2,5.0,https://www.amazon.sa/%D8%B1%D8%A7%D8%A8%D9%8A%D8%AA-%D8%AF%D9%88%D9%85%D9%8A%D9%86%D8%A7%D9%86%D8%B3-S25-VV-BLK-01-%D8%B1%D8%A7%D8%A8%D9%8A%D8%AF/dp/B00JGDZMY6/ref=sr_1_43?keywords=t-shirt&qid=1646399397&sr=8-43
تي شيرت تيك تويست باكمام قصيرة للنساء من اندر ارمور,59.0,15,4.2,https://www.amazon.sa/%D9%84%D9%84%D9%86%D8%B3%D8%A7%D8%A1-%D8%A8%D8%A3%D9%83%D9%85%D8%A7%D9%85-%D8%A7%D9%86%D8%AF%D8%B1-%D8%A7%D8%B1%D9%85%D9%88%D8%B1-Metallic/dp/B07PXTTGF7/ref=sr_1_57?keywords=t-shirt&qid=1646399399&sr=8-57
تي شيرت جيه جيه ايكورب قصير الاكمام وبياقة دائرية بدون طوق وشعار للرجال من جاك اند جونز - Noos Jr,35.76,12,4.3,https://www.amazon.sa/%D8%A7%D9%8A%D9%83%D9%88%D8%B1%D8%A8-%D8%A7%D9%84%D8%A7%D9%83%D9%85%D8%A7%D9%85-%D8%AC%D8%A7%D9%83-%D8%A7%D9%86%D8%AF-%D8%AC%D9%88%D9%86%D8%B2/dp/B07NS5C3NQ/ref=sr_1_63?keywords=t-shirt&qid=1646399399&sr=8-63
Crazy Dog T-Shirts Mama Bear Oven Mitt Cute Mothers Day Cooking Baking Graphic Kitchen Accessories (Oven Mitt),61.05,2,5.0,https://www.amazon.sa/020MamaBearMAMIT/dp/B08N3SFRNR/ref=sr_1_67?keywords=t-shirt&qid=1646399399&sr=8-67
تيشيرت اساسي جيه جيه اي 3 بي كيه ام بي من مكونات عضوية بكم قصير وقبة O من جاك اند جونز للرجال,77.2,5,4.7,https://www.amazon.sa/%D8%A7%D9%88%D8%B1%D8%AC%D8%A7%D9%86%D9%8A%D9%83-%D8%A7%D9%84%D8%A7%D9%83%D9%85%D8%A7%D9%85-%D8%AC%D8%A7%D9%83-%D8%A7%D9%86%D8%AF-%D8%AC%D9%88%D9%86%D8%B2/dp/B08QW694BV/ref=sr_1_70?keywords=t-shirt&qid=1646399399&sr=8-70
"تي شيرت للرجال بشعار كورب من جاك اند جونز, أسود (أسود), S",33.0,3,5.0,https://www.amazon.sa/%D9%84%D9%84%D8%B1%D8%AC%D8%A7%D9%84-%D8%A8%D8%B4%D8%B9%D8%A7%D8%B1-%D8%AC%D8%A7%D9%83-%D8%A7%D9%86%D8%AF-%D8%AC%D9%88%D9%86%D8%B2/dp/B07PFXTGP7/ref=sr_1_73?keywords=t-shirt&qid=1646399399&sr=8-73
تي شيرت Nike للأولاد NSW تي Futura Icon Td بأكمام قصيرة,89.04,9,4.4,https://www.amazon.sa/%D9%86%D8%A7%D9%8A%D9%83%D9%8A-%D9%81%D9%88%D8%AA%D9%88%D8%B1%D8%A7-%D8%A7%D9%8A%D9%83%D9%88%D9%86-%D9%84%D9%84%D8%A7%D9%88%D9%84%D8%A7%D8%AF-%D8%B1%D9%85%D8%A7%D8%AF%D9%8A/dp/B081PBDT8B/ref=sr_1_78?keywords=t-shirt&qid=1646399399&sr=8-78
تي شيرت تي جيه ام مزين بشعار العلامة على الصدر للرجال من تومي جينز,63.68,37,4.3,https://www.amazon.sa/%D8%A8%D8%B4%D8%B9%D8%A7%D8%B1-%D8%A7%D9%84%D8%B9%D9%84%D8%A7%D9%85%D8%A9-%D9%84%D9%84%D8%B1%D8%AC%D8%A7%D9%84-%D8%AA%D9%88%D9%85%D9%8A-%D8%AC%D9%8A%D9%86%D8%B2/dp/B08C9DTQT9/ref=sr_1_79?keywords=t-shirt&qid=1646399399&sr=8-79
تي شيرت Under Armour للأولاد UA ALL CAMO ALL DAY L/S,84.62,3,5.0,https://www.amazon.sa/Under-Armour-%D9%84%D9%84%D8%A3%D9%88%D9%84%D8%A7%D8%AF-%D8%B1%D9%85%D8%A7%D8%AF%D9%8A-%D9%85%D8%AA%D9%88%D8%B3%D8%B7-f20/dp/B0829N297N/ref=sr_1_89?keywords=t-shirt&qid=1646399399&sr=8-89
title,price,review,rate,link
تي شيرت جاك اند جونز للرجال بياقة دائرية,23.0,7,4.6,https://www.amazon.sa/%D8%AC%D8%A7%D9%83-%D8%A7%D9%86%D8%AF-%D8%AC%D9%88%D9%86%D8%B2-%D9%84%D9%84%D8%B1%D8%AC%D8%A7%D9%84-%D8%AF%D8%A7%D8%A6%D8%B1%D9%8A%D8%A9/dp/B08QGYGJ5Y/ref=sr_1_6?keywords=t-shirt&qid=1646506528&sr=8-6
تي شيرت نسائي من اندر ارمور بشعار كبير واكمام قصيرة وقبة دائرية,64.0,21,4.1,https://www.amazon.sa/%D9%86%D8%B3%D8%A7%D8%A6%D9%8A-%D8%A7%D9%86%D8%AF%D8%B1-%D8%A7%D8%B1%D9%85%D9%88%D8%B1-%D9%88%D8%A7%D9%83%D9%85%D8%A7%D9%85-%D8%AF%D8%A7%D8%A6%D8%B1%D9%8A%D8%A9/dp/B0874WC171/ref=sr_1_12?keywords=t-shirt&qid=1646506528&sr=8-12
تيشيرت اساسي جيه جيه اي 3 بي كيه ام بي من مكونات عضوية بكم قصير وقبة O من جاك اند جونز للرجال,77.2,5,4.7,https://www.amazon.sa/%D8%A7%D9%88%D8%B1%D8%AC%D8%A7%D9%86%D9%8A%D9%83-%D8%A7%D9%84%D8%A7%D9%83%D9%85%D8%A7%D9%85-%D8%AC%D8%A7%D9%83-%D8%A7%D9%86%D8%AF-%D8%AC%D9%88%D9%86%D8%B2/dp/B08QW694BV/ref=sr_1_13?keywords=t-shirt&qid=1646506528&sr=8-13
تي شيرت نسائي ضيق بثلاثة خطوط من أديداس,93.0,38,4.3,https://www.amazon.sa/%D8%B4%D9%8A%D8%B1%D8%AA-%D8%A7%D8%B3%D9%8A%D9%86%D8%B4%D9%8A%D8%A7%D9%84%D8%B2-%D9%84%D9%84%D9%86%D8%B3%D8%A7%D8%A1-%D8%A8%D8%AA%D8%B5%D9%85%D9%8A%D9%85-%D8%A7%D8%AF%D9%8A%D8%AF%D8%A7%D8%B3/dp/B08R6CFWWQ/ref=sr_1_29?keywords=t-shirt&qid=1646506528&sr=8-29
تيشيرت 3 اس تي بكم قصير من اديداس للنساء,54.0,2,4.5,https://www.amazon.sa/%D8%B1%D9%8A%D8%A7%D8%B6%D9%8A-%D8%A8%D8%AB%D9%84%D8%A7%D8%AB%D8%A9-%D8%A7%D8%B4%D8%B1%D8%B7%D8%A9-%D9%84%D9%84%D9%86%D8%B3%D8%A7%D8%A1-%D8%A7%D8%AF%D9%8A%D8%AF%D8%A7%D8%B3/dp/B08R6CJTNR/ref=sr_1_30?keywords=t-shirt&qid=1646506528&sr=8-30
رابيد دومينانس,82.59,2,5.0,https://www.amazon.sa/%D8%B1%D8%A7%D8%A8%D9%8A%D8%AA-%D8%AF%D9%88%D9%85%D9%8A%D9%86%D8%A7%D9%86%D8%B3-S25-VV-BLK-01-%D8%B1%D8%A7%D8%A8%D9%8A%D8%AF/dp/B00JGDZMY6/ref=sr_1_42?keywords=t-shirt&qid=1646506528&sr=8-42
يو اس بولو اسن تيشيرت للاولاد - تيشيرت عصري من القطن باكمام قصيرة (للاولاد الكبار)، عبوة من قطعتين,89.23,47,4.1,https://www.amazon.sa/%D8%A7%D9%84%D9%88%D9%84%D8%A7%D9%8A%D8%A7%D8%AA-%D8%A7%D9%84%D9%85%D8%AA%D8%AD%D8%AF%D8%A9-%D8%A7%D9%84%D8%A3%D9%85%D8%B1%D9%8A%D9%83%D9%8A%D8%A9-%D8%A8%D9%88%D9%84%D9%88-%D8%A7%D8%B3%D9%86/dp/B08Z4JNCQW/ref=sr_1_52?keywords=t-shirt&qid=1646506530&sr=8-52
تي شيرت تيك تويست باكمام قصيرة للنساء من اندر ارمور,59.0,15,4.2,https://www.amazon.sa/%D9%84%D9%84%D9%86%D8%B3%D8%A7%D8%A1-%D8%A8%D8%A3%D9%83%D9%85%D8%A7%D9%85-%D8%A7%D9%86%D8%AF%D8%B1-%D8%A7%D8%B1%D9%85%D9%88%D8%B1-Metallic/dp/B07PXTTGF7/ref=sr_1_57?keywords=t-shirt&qid=1646506530&sr=8-57
تي شيرت نسائي من نايك مطبوع عليه W NSW ESSNTL TEE SS CREW LBR,56.0,3,5.0,https://www.amazon.sa/%D8%A7%D9%84%D8%A7%D9%84%D8%A8%D8%B3%D8%A9-%D8%A7%D9%84%D8%B1%D9%8A%D8%A7%D8%B6%D9%8A%D8%A9-%D8%A7%D9%84%D8%A7%D8%B3%D8%A7%D8%B3%D9%8A%D8%A9-%D9%86%D8%A7%D9%8A%D9%83-%D8%A7%D9%84%D8%AA%D8%AC%D8%A7%D8%B1%D9%8A%D8%A9/dp/B08SNFGHKD/ref=sr_1_66?keywords=t-shirt&qid=1646506530&sr=8-66
تيشيرت دي 2 ام للرجال 3 اشرطة من اديداس,63.0,7,4.5,https://www.amazon.sa/%D9%84%D9%84%D8%B1%D8%AC%D8%A7%D9%84-%D8%A8%D8%AB%D9%84%D8%A7%D8%AB-%D8%B4%D8%B1%D8%A7%D8%A6%D8%B7-%D8%A7%D9%84%D9%83%D8%AA%D9%81-%D8%A7%D8%AF%D9%8A%D8%AF%D8%A7%D8%B3/dp/B08SKWYXZG/ref=sr_1_67?keywords=t-shirt&qid=1646506530&sr=8-67
"تي شيرت للرجال بشعار كورب من جاك اند جونز, أسود (أسود), S",33.0,3,5.0,https://www.amazon.sa/%D9%84%D9%84%D8%B1%D8%AC%D8%A7%D9%84-%D8%A8%D8%B4%D8%B9%D8%A7%D8%B1-%D8%AC%D8%A7%D9%83-%D8%A7%D9%86%D8%AF-%D8%AC%D9%88%D9%86%D8%B2/dp/B07PFXTGP7/ref=sr_1_73?keywords=t-shirt&qid=1646506530&sr=8-73
Crazy Dog T-Shirts Baking Some Shut The Fucupcakes Oven Mitt Funny Cupcakes Chef Kitchen Glove (Oven Mitts),63.04,2,5.0,https://www.amazon.sa/dp/B097VQ5L96/ref=sr_1_74?keywords=t-shirt&qid=1646506530&sr=8-74
تي شيرت Under Armour للأولاد UA ALL CAMO ALL DAY L/S,84.62,3,5.0,https://www.amazon.sa/Under-Armour-%D9%84%D9%84%D8%A3%D9%88%D9%84%D8%A7%D8%AF-%D8%B1%D9%85%D8%A7%D8%AF%D9%8A-%D9%85%D8%AA%D9%88%D8%B3%D8%B7-f20/dp/B0829N297N/ref=sr_1_94?keywords=t-shirt&qid=1646506530&sr=8-94
تي شيرت فويل بوكس النسائي بتصميم مطبوع من اديداس,55.39,8,4.8,https://www.amazon.sa/%D8%AA%D9%8A%D8%B4%D9%8A%D8%B1%D8%AA-%D8%A7%D9%84%D9%86%D8%B3%D8%A7%D8%A6%D9%8A-%D8%A8%D8%AA%D8%B5%D9%85%D9%8A%D9%85-%D9%85%D8%B7%D8%A8%D9%88%D8%B9-%D8%A7%D8%AF%D9%8A%D8%AF%D8%A7%D8%B3/dp/B095SZ3ZTS/ref=sr_1_104?keywords=t-shirt&qid=1646506532&sr=8-104
تي شيرت من كالفن كلاين للنساء بقصة ضيقة وطبعة شعار العلامة التجارية في المنتصف,92.2,9,4.2,https://www.amazon.sa/%D9%83%D8%A7%D9%84%D9%81%D9%86-%D9%83%D9%84%D8%A7%D9%8A%D9%86-%D8%A7%D9%84%D8%B9%D9%84%D8%A7%D9%85%D8%A9-%D8%A7%D9%84%D8%AA%D8%AC%D8%A7%D8%B1%D9%8A%D8%A9-%D8%A7%D9%84%D9%85%D9%86%D8%AA%D8%B5%D9%81/dp/B07GR8GVV6/ref=sr_1_109?keywords=t-shirt&qid=1646506532&sr=8-109
Crazy Dog T-Shirts Mama Bear Oven Mitt Cute Mothers Day Cooking Baking Graphic Kitchen Accessories (Oven Mitt),61.05,2,5.0,https://www.amazon.sa/020MamaBearMAMIT/dp/B08N3SFRNR/ref=sr_1_112?keywords=t-shirt&qid=1646506532&sr=8-112
"تي شيرت Legines Brass Pipe Fiting، تي شيرت مطروق 3/8"" NPT أنثى x 3/8"" NPT أنثى x 3/8"" NPT أنثى (2 قطعة)",59.92,28,4.7,https://www.amazon.sa/%D8%B4%D9%8A%D8%B1%D8%AA-Legines-Brass-Fiting%D8%8C-%D9%85%D8%B7%D8%B1%D9%88%D9%82/dp/B076XYVZT6/ref=sr_1_128?keywords=t-shirt&qid=1646506532&sr=8-128
تي شيرت Pendleton نسائي قصير الأكمام من القطن مضلع,72.23,4,4.4,https://www.amazon.sa/Pendleton-%D9%86%D8%B3%D8%A7%D8%A6%D9%8A-%D8%A7%D9%84%D8%A3%D9%83%D9%85%D8%A7%D9%85-%D8%A7%D9%84%D9%82%D8%B7%D9%86-%D8%AA%D8%B4%D9%8A%D9%84%D9%8A/dp/B07YF18P19/ref=sr_1_160?keywords=t-shirt&qid=1646506534&sr=8-160
وارنر بروذرز تي شيرت للرجال,52.23,2,4.1,https://www.amazon.sa/%D9%88%D8%A7%D8%B1%D9%86%D8%B1-%D8%A8%D8%B1%D9%88%D8%B0%D8%B1%D8%B2-%D8%B4%D9%8A%D8%B1%D8%AA-%D9%84%D9%84%D8%B1%D8%AC%D8%A7%D9%84-%D8%A3%D8%B3%D9%88%D8%AF/dp/B081R4FH9D/ref=sr_1_166?keywords=t-shirt&qid=1646506534&sr=8-166
تي شيرت جيه جيه ايكورب قصير الاكمام وبياقة دائرية بدون طوق وشعار للرجال من جاك اند جونز - Noos Jr,35.76,12,4.3,https://www.amazon.sa/%D8%A7%D9%8A%D9%83%D9%88%D8%B1%D8%A8-%D8%A7%D9%84%D8%A7%D9%83%D9%85%D8%A7%D9%85-%D8%AC%D8%A7%D9%83-%D8%A7%D9%86%D8%AF-%D8%AC%D9%88%D9%86%D8%B2/dp/B07NS5C3NQ/ref=sr_1_169?keywords=t-shirt&qid=1646506534&sr=8-169
تي شيرت صحي NDS X Hub PVC S&D ، 4,53.51,23,4.4,https://www.amazon.sa/%D8%B4%D9%8A%D8%B1%D8%AA-%D8%B5%D8%AD%D9%8A-NDS-Hub-PVC/dp/B00HXHAHDI/ref=sr_1_172?keywords=t-shirt&qid=1646506534&sr=8-172
تي شيرت NHBGN رجالي قصير الأكمام رياضي تي شيرت,99.55,31,4.7,https://www.amazon.sa/%D8%B1%D8%AC%D8%A7%D9%84%D9%8A-NHBGN-%D8%B1%D9%8A%D8%A7%D8%B6%D9%8A-%D8%A8%D8%A3%D9%83%D9%85%D8%A7%D9%85-%D9%82%D8%B5%D9%8A%D8%B1%D8%A9/dp/B097NCNJ9C/ref=sr_1_183?keywords=t-shirt&qid=1646506534&sr=8-183
تي شيرت جيكوراز للرجال من جاك اند جونز,20.11,22,4.1,https://www.amazon.sa/%D8%AC%D9%8A%D9%83%D9%88%D8%B1%D8%A7%D8%B2-%D9%84%D9%84%D8%B1%D8%AC%D8%A7%D9%84-%D8%AC%D8%A7%D9%83-%D8%A7%D9%86%D8%AF-%D8%AC%D9%88%D9%86%D8%B2/dp/B08V5DD9YK/ref=sr_1_187?keywords=t-shirt&qid=1646506534&sr=8-187
Crazy Dog T-Shirts Rock Hand Oven Mitt Metal Rock and Roll Music Graphic Novelty Kitchen Accessories (Oven Mitt),59.29,7,4.7,https://www.amazon.sa/020RockHandMAMIT/dp/B08N3C1ZB9/ref=sr_1_190?keywords=t-shirt&qid=1646506534&sr=8-190
تيشيرت واي بي سي 3 اس تي من اديداس للاطفال,68.88,31,4.3,https://www.amazon.sa/%D8%AA%D9%8A%D8%B4%D9%8A%D8%B1%D8%AA-%D9%84%D9%84%D8%A7%D9%88%D9%84%D8%A7%D8%AF-%D8%A7%D8%AF%D9%8A%D8%AF%D8%A7%D8%B3-12-13-Years/dp/B0823FPWGX/ref=sr_1_206?keywords=t-shirt&qid=1646506536&sr=8-206
Tchoupi Yalbos Theyabehi Wahdaho - تشوبي يلبس ثيابه وحده - غلاف كرتوني,19.0,19,4.6,https://www.amazon.sa/Thierry-Courtin/dp/6144389105/ref=sr_1_211?keywords=t-shirt&qid=1646506536&sr=8-211
تي شيرت إسينشالز النسائي النحيف من أديداس,60.0,4,4.5,https://www.amazon.sa/%D8%B4%D9%8A%D8%B1%D8%AA-%D8%A7%D8%B3%D9%8A%D9%86%D8%B4%D9%8A%D8%A7%D9%84%D8%B2-%D9%84%D9%84%D9%86%D8%B3%D8%A7%D8%A1-%D8%A8%D8%AA%D8%B5%D9%85%D9%8A%D9%85-%D8%A7%D8%AF%D9%8A%D8%AF%D8%A7%D8%B3/dp/B095SYCDWY/ref=sr_1_226?keywords=t-shirt&qid=1646506536&sr=8-226
تي شيرت روثكو هيلث كير ووريور بعلم الولايات المتحدة - أسود,85.03,13,4.5,https://www.amazon.sa/%D8%B4%D9%8A%D8%B1%D8%AA-%D8%B1%D9%88%D8%AB%D9%83%D9%88-%D9%88%D9%88%D8%B1%D9%8A%D9%88%D8%B1-%D8%A7%D9%84%D9%88%D9%84%D8%A7%D9%8A%D8%A7%D8%AA-%D8%A7%D9%84%D9%85%D8%AA%D8%AD%D8%AF%D8%A9/dp/B087XBDL99/ref=sr_1_243?keywords=t-shirt&qid=1646506538&sr=8-243
Tchoupi Yalbos Theyabehi Wahdaho - تشوبي يلبس ثيابه وحده - غلاف كرتوني,19.0,19,4.6,https://www.amazon.sa/Thierry-Courtin/dp/6144389105/ref=sr_1_248?keywords=t-shirt&qid=1646506538&sr=8-248
"تي شيرت نووس باكمام قصيرة وقبة دائرية اس اس 19 بشعار العلامة التجارية للرجال من جاك اند جونز, أسود, L",49.36,21,4.5,https://www.amazon.sa/%D8%A7%D9%84%D8%B9%D9%84%D8%A7%D9%85%D8%A9-%D8%A7%D9%84%D8%AA%D8%AC%D8%A7%D8%B1%D9%8A%D8%A9-%D8%AC%D8%A7%D9%83-%D8%A7%D9%86%D8%AF-%D8%AC%D9%88%D9%86%D8%B2/dp/B07PLF7LHX/ref=sr_1_251?keywords=t-shirt&qid=1646506538&sr=8-251
تي شيرت دي2 ام للاولاد بشعار اديداس الكبير من اديداس,69.37,8,4.2,https://www.amazon.sa/%D8%B4%D9%8A%D8%B1%D8%AA-%D9%84%D9%84%D9%81%D8%AA%D9%8A%D8%A7%D9%86-%D8%A7%D8%AF%D9%8A%D8%AF%D8%A7%D8%B3-%D8%A3%D8%A8%D9%8A%D8%B6-Years/dp/B08VWRVY2C/ref=sr_1_266?keywords=t-shirt&qid=1646506538&sr=8-266
تيشيرت ابيض للبالغين بتصميم ريك اند مورتي جيت شويفتي ان سان دييغو 2016,87.39,2,5.0,https://www.amazon.sa/MORTY-Schwifty-Diego-Adult-T-Shirt/dp/B00U0I1S5S/ref=sr_1_268?keywords=t-shirt&qid=1646506538&sr=8-268
Crazy Dog T-Shirts Many Have Eaten Few Have Died Oven Mitt Funny Sarcastic Cooking Kitchen Glove (Oven Mitts),72.65,4,5.0,https://www.amazon.sa/dp/B097J67SRN/ref=sr_1_285?keywords=t-shirt&qid=1646506538&sr=8-285
"تي شيرت للرجال بشعار كورب من جاك اند جونز, أزرق (كحلي), S",46.52,12,4.5,https://www.amazon.sa/%D9%84%D9%84%D8%B1%D8%AC%D8%A7%D9%84-%D8%A8%D8%B4%D8%B9%D8%A7%D8%B1-%D8%AC%D8%A7%D9%83-%D8%A7%D9%86%D8%AF-%D8%AC%D9%88%D9%86%D8%B2/dp/B07MFZK9LF/ref=sr_1_296?keywords=t-shirt&qid=1646506541&sr=8-296
بلوزة سي اس سي للرجال بشعار اساسي واكمام قصيرة من كولومبيا,70.82,14,4.2,https://www.amazon.sa/%D9%84%D9%84%D8%B1%D8%AC%D8%A7%D9%84-%D8%A8%D8%B4%D8%B9%D8%A7%D8%B1-%D8%A7%D8%B3%D8%A7%D8%B3%D9%8A-%D9%88%D8%A7%D9%83%D9%85%D8%A7%D9%85-%D9%83%D9%88%D9%84%D9%88%D9%85%D8%A8%D9%8A%D8%A7/dp/B01J3JDO5G/ref=sr_1_305?keywords=t-shirt&qid=1646506541&sr=8-305
